ua+/z4/VV6bll0ZSemhCnp//iQZLwTj/Y8mPyDeJTzQ=,7Ro/4aQfOFQEddcKb3nNlCtzLnVmsTWtihy13QPLv4E=
m0bNYY6rbpt/SWDLfR5Irq8Ek4ZC8GdKiewLrepQTis=,N2mRhSOiGkGgGPR0U+6+ecyaFruxjUXu8hQvSV8NwaE=
siyV0V4MiO3MhbXpbyVKaKWkHVnBdq4clEdwncnaT1g=,YigxmAuAwRf3I5KgeUaxyOWne24AWf3hoEFVruohSA8=
s6/rq3U4pHs1eqwjJyBPEannagLbG+8cuymYi4MoSJo=,oSHZPb2axeyA1/2QCXJ/2TS9Pic+TGSKzZjND3YXLbc=
n7JXE7moxpsW+haQ5WdP5bQeSUQeT3BDST+liF/HRow=,1xiMgDFJvdedUlQrw83ZYYOKFBGNvpGz9nIMoNpRjbA=
gS9lPVqWMzj0hXknt1dITbsLC5E5MB6a7MUzV8E5RKs=,f9uW9F+Ok1epjXnJ8bIs37BmQ2EDQroZXTfLaxwDn+k=
ho06pJ2aj/VdDUayV7lC/ZNKNDbQm+EHcw1zIqvYRSw=,EtQEy9ZW8AsJl2MQmJKA8ppJH0IDsfjD9lxNX6k+Dq0=
oXBqlOZ3qJsQ9ctEilRHrqSNjcNsjASusyygxdX8R+4=,ZfGJgjevQXr9XGmqMYm0dfzY++TnhGALgc+rvT+BKRQ=
u8i27Ad+XgAY7wIkledPLr/N8030cUH28m0yXWKTQ7M=,1aQQQpnEEPV4dOGmrmP7RkI13Btiycb2FStEKM6LlKA=
u1+KXVL9g8eutvGvrKxN6YAua/N/SU7DIwa/cQxiTD8=,PHuvEnAju6guFbzC0KhhqEmUbhAHpCMYKl/eTXdJwM0=
okjoj1rWQkenb6hQsLpE4KiVzsd+L7SDHRswSDj7RvA=,epagipx/hoMUlz736dY9JG9t0kkCJ5OSv0FqvbGCYRA=
oQYg/14JDgg3hlbuH2xAC6oOdyXy2TroYd1KvY9/Smw=,P4DNa1nETBXRnj1F2MiQ9mWVc9+FuS5n3LEsBYS8+aQ=
hGC2PMB6vHBaB1DpAi1Ep6loScldIdgwqCyxZGwSQ/w=,got+aXuCNjoT1i5j18Q6g6R3t3BByGYRtoBg3o3qvRg=
reuo3egmgfFZ0j+gUtlANKq3lLBJWXkbuuowUhrLQMU=,SLcx2Lp4GST4WQr9+g9PXK+r+GPZ9oo2Wruv+7ZhIfs=
sFU3GVUM13Wi5pX+wTdCtqlte6bLqzdfOMHrg+UgRb8=,xL/yUhEvIcAwu1TJXEGdIRmtHWsFpoYX9lByG63B5bA=
pD1LbrGTA+TPnaMdNfNPr6gRZPZ1ltqrNwJWY1dnQY4=,FsvMwBBsItr5xWkDIXBar2TsufXDSG2Gua2UAYTzPmg=
kUvNbcabihOwrnwq40NO0qqGfBY00UQAjH5tuT4IRVE=,kH9GB1vfoGGTXdz+tHvn9AgYg3+Iq0Cgibd1Vbr4VhY=
jR9T1MEvkLCm+v+F8jxORJ/2UiV2Puow31Wd18xkR6k=,AGDzbuUXDGN5EBLhqxoLxPdhHZ5aauUQMzLb0/L+SWc=
mTD9YsFQaLRer3vjZKRHDKANruHRfRYoK01itmOsQYE=,3GPobiP6j8zg+skpMRUFx2At0sSohqTcKTzvfrDPGa8=
gfy6SHLRdGs6qne0q7lIaYhpUW0be0sLkLdpBpPVQQ4=,FeJYFTEcLSMsxJpKcOXdq2W8V1VSXFBylqrid/IEyJY=
gLCGNKFcbMQoXlfBTdNLhKgJ51AS3IKnBkfkCcCTT9U=,3U8+EGtcguUJ7ED6mdjGZYtKpdAlSzoeJv8kOlLgD0E=
jmTz0Ea/USKvuYqAJWxOE5t1IafYQIPDIbJk6wR2Qjk=,AejdA7hlSKdjZr9w/wNO1vFg2J2CEObhUc9d7PlcL7s=
lfhucIFGGwiTkGZ3aVhMH6DxLRj1AIO/v343uWXqRkc=,D02Wan9x+XI2FzTSRqzEg0ug92rtbpuhaK1xRCb+Cl0=
nFZwcrnUzpu6c3NnpBtFvKItKajOEcxduHy1YYcqRK4=,ed/8TO2N9CVrRfpsb9y1nrIUVx2S2Y/Q3vn0PefTX5U=
sOF+tvoL+VkE9Ib61xhGR7Oqkm+HUmnYEHWmJGj+QqQ=,Qhu47HA7nVtqB9OWNzEdT2UNroJePk6n5OS8Uj7uTe0=
rwYeD3cYl/3Yl6gUgDpExb5KpT1ph0AGVfHJVnlfQWM=,rRp9LyxPQvmm4wpH0OI1wrAv1yWaWgawAvfwj/v5GvA=
mI4In7ZwXuggHeRsxmBAo6SUe49jIX+178YTSe6BRYA=,PTZc5EG4MDkRRYBnXsEaEMebVVr8HFv1k/K5ycMK+3s=
l5qUK/8NJeHvWb6odWdOrbgN9jdHSMr6UXu02VCSTyk=,qkS3UsEJmTx4gwL0U7nWcnuLI8NETwBxecQxn91qGKE=
mZBmqmnwrotjPempAVRJP6LZUzXn+tcdzBPwSSjWSSk=,hr1V9f4ebplb9Tx/MI2LFJMAAplxeIIBLJ8bSsFjDso=
iY/W3wA4m0PzhOJIlxlAa4Wb6tUp1DoSb8h3slfiQS0=,W79NWB6w4lmCuXgQ17gv+OdAurM12ntZYWx0X1DOKMU=
rcvhUhwQCpPDTY45qmtNDZGpMkOWDVQ3ZZcFnRGaTpk=,g1891H/hpDVj/qBbsz4Sr33FZUmh95os3F5N6xSsUAc=
izbLH38Dm4bFas1kQTpG5oJKMNuOQVWLmsdRsI0ES0M=,LY/4CRz2ZFzCDydkNOO8gInymbsI+winOSRgyDR45pY=
jkE1hqLm1ygltWoZ/5BOi4L1dW/xR00lzuTNY8b6TE4=,8JkrQcPNX8wFZcXV6IISMkiD+agl5ltZeHXhh9fAgSU=
vDZDTomMbpYmJQSoTj5At7rjNdReQ1fcMA6BB3ytS74=,Grj2CzAlmBJLKjKMspgXtdPHYDdSrxxX5Nw0Yrt1Awc=
k4g/0+pub+GFncS30/tGs6eve5/BccSNsXEm4ejuSao=,jbq/8DhMvZ8hpQE9kuVFHgXZALEjepzJYcNFq+HzClQ=
gXQa0kJmflYqJSmcBm9ECagttLEgX5QCycmk4HpxQt4=,V7vp1DHJc4KzTyUwnmi7SYT22Uclb+tXwqz3NdZpOyM=
oAe9S6qybi4hO/syzBNGlbm4QssLOUt44TnnwxpuRbs=,q21AMiF5TWZ6x7Cqa8B2Flnd/Kc+TuwqK1suWKfV4XA=
v7VdLsUsH5xVl5ntSGpNDqm9jOfVwSBX/0JRMcObT8c=,xA/pD/447WmRKLDl7l46s8Ri1zp4UQEoJwaCuL7YOBM=
gOsVRuxee6IlOoveyftN9ZtCkn860JMgEinNPW+wRLg=,4OicouDI90uI6cuLc8JLhUtwrIg/Eb/ZjW8TXJ57mZ4=
niH51zSeCXhGNoJys2xHuLJVOjc5nkz+VsEXau7YRwU=,zSv1eESkYy7pDhkErtqVOU1+4on8OlTypU2z/Nc5DyQ=
rZoC97id3l2/V/I09DpBH5Ztl5Uj60g6rJ4OaXZZSdc=,Yn1Tg2k9y9drHoUPdjtbFSyuwAzIGzpnPPUiWOhv9hM=
vn4oHr2XZvtzTa5ymetBiLSb2+A2irCJnVVd61ToQdc=,TYijO/r6HXxC03B5Jdyk3m4esACmWIf7nHs9Ar2eexI=
obMVBBzmulhVo3gTXXRGeYn00Qn0nQCvO78mAuCBQxE=,bDaPOpY/R/M74x++F9z+eidWoAlgcOOiWLhEwMpKWP4=
vt4GiihnwSLj6phXBspOo6LK1/96XfMGMWwd/z3RQqk=,r1ME/bXspwfhCeqx/epd6FPUmT/3DW8LWp2taJfuD8Y=
omlG9iJGXpo7nXdeNGtBO5dRC+iUGI0tAjSOm2wmQ0U=,XiwC48hAqucTtGe5fmSEGZED7dllEOY3fIeZauwFuCI=
qOcipHQm0Ajms3nnfplOJbcHnJnAJSBZtAkmYlquRUg=,YiROg2lxbJUZDhQAC8chKRMPJUtAUpkq05jFoILCO3I=
idZGoM1GdcI9RW4ZrPtGrrhUr4ygkN1z6JEnvDRlT04=,8/SzRDqOaF0wpTja2dKIhFOTdH5JJhkxtd288d9rym0=
hIL0Bct+xnoiUCcxm05PXrlItsSgwN3qVm6WxifdRnU=,OceGaeaJXhezZEt+9e3xREhq1HnGmSuBbo+DIThvVQw=
u3eCpaBcFe76W5mlSgpKbLY6wBQNfle2CfRxpoZ0QGc=,IEb7bvxX7KkY5/TrB5Ge6E0nzlgSdzCFO3hNwotDTq4=
nLf+leiIjrWcGoFHDjFG3bLrmHaKtRFbhr5VcUuNShw=,ITjwJ/B2GHKfjSLh3UwCLcHCkPv3A9yPMD2q/yYZRTE=
nGzIPU+j36DQcPfR6H1C66poyALjQTgdfh/ZWpk4SIA=,qIJaKMdR6ZgUAxUM3H1Z0Hyk3gjcNd23lxxURAaVyvQ=
sny2LfiCX3HrxpOJpAFCX7BR6SCXLiVuMYJVbIHJThw=,RaMODElD6RKFL7V34XGfJcJ28cVhx5JqXT7VXeDQvCs=
rW99DBpKeq9xclwBC7RHBpJzAH+nURHOcG1pUdHeQjk=,HanBmF2ErlB+GHw5m93Ne8LcJ4ZY1aTGZwfXXMYjHsM=
sY9q0vfqjRChS2wrA8JJFKlPz3oTG1seJu+mAkOBQIY=,vgGwGGDALZsvLq/jORzoY/RQTZ+R9IYw3KbkdMRPBJY=
p0q+dQyVCGZSHZ/Sy1FKUK14a80dWnNE9cjoZc5tSok=,nRLlQkHy17DuJFgtZmKUaTNtzXRCRnlJ1WVDKVyPnGM=
jO0cYDKCnmrarBaxNhJCwZbcGFDim/QMtFJkuqf2TnM=,nw8N3LNeDH9zG+f6EvSH1zlaVbVUfnRWQ4WyDUI/q7Y=
gTcApNCY9dovEQnwtAlEh6Or1H+81JAfYLgScAJIQSA=,toHWsXmVyUm8XvJZicFO63xk3Hw3bD7zXxd8sgI9PgY=
lcBbc1yJFfR1FfcuOkpC2LsczApr6ntkdVr0yhqWSuU=,bXmGZ6uN/pevzZPFaydW9e2JhT4Mtb4IgKzoPvLM3Ug=
hXpPdP4ejSEewfuyGThIb4PqWn8nNupEruUvDu8+RMQ=,egYVDM8DZd48PYmcBtZ2lD1g/BU7manJiDjdxbJlIvU=
gAUDQ1+7XU2hNDAvS1xGSZWv5iTRXiAiFwwQl1+9RkU=,W2ZmgMw77ItrMtRQYeJAjfN9KUUCGEsVjehPN7b4hv8=
sq47sUhRDBiCgJLKOPZNbId6NFI11561IWvjBjTySoE=,yAXZ7S6KuTF6EduxXZ3swzFZ1fDtZyyakgZh5CLoaVs=
gLrPNvpDBDNiDilJMVxCJ4haqtgScPGY+MZmlcVTSts=,XxMyKeYpourDVvjFrDBpg1hqginC3YRqdmt/L2KsIUM=
h7BqNCNiZb+boWHDSE1EIIEzpOGQBtjk1AAkcghFSHw=,i6tnoSLcUTuF6CDg0gc7zIMKpS61BmFTSivaxZqCMOk=
k7rKp90igx0BY2sXpRZAgqwj+oAmCIaR1AScEfGbSOM=,EDBJJgr1CgWnWyyWDkpuQCJLr8BFwMf8ctiGRXQF0OQ=
o6UJnPuLSw3LD29wlHpEQYjvphhxo40jT9FTXYQ9Rgw=,GgMDpulW8EqtQZbTb6CJ5VUJ0wrT9c8fO+Q+4NdM000=
rp7zM+r7UH3A5lz9dgpG0Ig2hXeCjU2rGvHgpr6tQrw=,QdTIEmtk3pHUpIetbH2E1gC8kZ1vnNyQVhg9L1h1Rgw=
lGYpOwq5vrEho4YVXFBHiYLbgfS1Km+56DLVzTshS5M=,iUgMOu6TaSzsYyFCa9lrlbEh5swDJsUJ0Vl4Fdkmhp4=
rgyTFCDmA/kA7Mfr1vZF/4eIUYT1VsJftPVvPpP/S5U=,9tJGxNQfZf+heRY4acKLOwZYeRCWOM0PBZ8TebQJH6E=
rgyygETB+hTC1voi0GRIc4YQ7Ltv5e9J9MEYs6ANSkk=,BbRFRiJ/MDr42FUoQM/PibmNw/iDWdhCU2th7lWODnM=
hwfK3YzBFDA5XAy+QyZM+6e/X4Ut8w4k7H7Jl6fvQGY=,pZUs9pW9K6sxZtHX1BEk8ce5jN++zZ6LLNBwzLofy0w=
pprSyawy7FsBIlkAaw1Gj5HjoSP/SS2BP5PTUBj0Qq4=,Jm5k0dbqcXqSR2B3A4iv6OvNOMhjU7A+SDt5+s0LQSM=
hkfXZveAnUfD8jPjP9tAGrvOO4ytmWieO9xdLieAT/o=,trgnaUjKrX3kZQJWIFSy5cs1zTbAa82f+NZtEpJboIQ=
gpIjdUlGShOmGSs2txxLS6SEMXbUFxG82pTh/IBeQ4U=,zd8NgWcD28tpHI9xGgbpTz5ufU09nyUoi5rv6tpjBws=
tg9+ta6bmvmYcuMT4JtAyoUcp4M5f4i88mfXkqw7TF0=,wK1+KuBht5ahf/Fmvnn3YftJY8LiH6H5Rj56Lr9FvCY=
g6ryGyLJDhT2fOj4ij1K956Ubgb0IgP+hdWJZda+QPc=,VgJLtVhO659PdxswgjMhdBMgaBNGoBVG3TgpDnSASyQ=
tEE9EzXTIPz2eKsPdIhHvawA/Ti9DAh9/k/RCGxhS+w=,6VMMIeWghIkdwpcCiJ4cjRpjFkmw6rQ4GAy9Y84Fq4s=
m2+Cqq81vqZdTpog5GVBR7U7t/bJUZcBoEnKsMy5RX0=,IfgiN4zjNxoBXN72Q9DkgMQi4uiocelkbE7vRjZx1jE=
h9CbmR+k17pVgcElz/lCFa2CJX0+rzhgmfqeH7GTRr4=,1g1q2LhdJlVJ5qFC4UesE9RhJ48CJTaAlyUTEcj18Dk=
hDepIb2ZPiigRFp8/QlMW49QNXfMGSxApHArIAFmRws=,2CUeUjnlyMe3ZMx7kFTF4K4s/erXtZ4rpAOveVdRWd8=
q9yLscIaPQERQdSRl5FFWJBDk9S0GFo1emXkpcv2TWg=,0YtJARjpZkZZeiam+I4tWdHC3aKEsSKaF8nABic5JaY=
uzKra0KOR8GTipY3JA1CypL7dsAA9bwd8ZcCfWbOTrI=,YlrwwjWCVIgqlfbVOWfr49L1CvfGR0xqJT+4wakHgP0=
uOHlcJvQw1uC0XlH6IRL56n5XNRKEIKuD8iP8B/9S8k=,n0glEoAD6PBWDmNAm4HiPr1yWtQY8WQc2lcCIss7Pss=
oQsiSP9gkXdMeH9gPJNP2ZXSGtNRzLpjAcc9wIPgS+Y=,lPcfX6IfTPZpMNZfAMm7Wep/t4p5A2Q6uLw7R/VMbKE=
vBZvPsWrdDHUtkBWdOxP3K6tmY0JedAbVitOiqIUSEw=,+OwhdNetIyfgzlICFnJ9QMZSrcBUnBpsGK65AJ33vw8=
i5uBJ43DjSqVTvQWy1ZFaJ8aws0mkQyx3Fgz70TcQe0=,ooPyFDRURcS4NzeyznVo+P75ioHaqjopiZ1HE67Eg2I=
iwzpVjpEy7gnwOi0fu5MqLtroJadOJs7CImC6Hh+TrU=,RPhfAzfXmqTblnz3kjL01ihS/2t2z+1ZsP99ltExsgo=
kUYg8sVnZ51Tf4/kVE5Dub8Tu0Mb3W5W8pON2WynS8A=,gFmh5lOsThDBKV/q7bS6a8ALy1M6BYYHupBMIk63Rrk=
rk60Rz1Mzq6K+ViprZZChaSPFqX7tjpp0r8UbD/zQ74=,0ynLqN31JewqbxCr0LfvTIca8AvZOsdj8KNBxTjUQYM=
hDtqpXxI1k+KvXR858tGbIVz6V6h1SufFyrw2NNdTD0=,a+kM+MH2DIBRhNBA56+okjVCctz8/4PCbSaq7P/lDDc=
mEwmzsoAXGKQXX/GTXxEAZ2hQ84KnGxykuGiEeamTL8=,6VhG40RqNL0HzSS7tbRylxFuggAI4O7n58WWNsBYpec=
iSlqcjunfEEAzbqvKQJOtLrjH/qkPSIaA/TiFMtUREc=,dczD6m/k3WV0gk7xVb9waA9/R2BYvfhcCsjT4i/KmRM=
pFDiOOHoekz8KNTLtiVKEqmU6MMQdweZXLD2lBBfStU=,fjg5OTlAVAWJ0MJr9ZIH+Glh/anKwxWj7RELhSB+DxQ=
koshx/vIY6XSUe0+f/xBNYoDoMiTsYT6FCzXcV7TSwQ=,9V2oTTk9opCuLK5N6eNCcGcoNhc6lruOeGNDWBOm+tI=
raOOCCab7haLOsBgJ1dKoqBvlClhocmXCsKqG3GBSb8=,uEZfuJYLDnLfJP1AoSNz+FZqQjzx8HbFmT7Nx5wV/DQ=
hzXqS9gfeNp3Q7A+RPJNE5yrK+lMepkZm7+tTwMhRDs=,AHBJrI0X0AbMeJMMnQ10RRr2avE3QDHyK6HqAi3bHog=
mJfrSNFS13FCO94eBI1Gz4riJ9OtrtOQBt4dfwpvQr8=,6e6XvW/U6zntMT1Uaw33/ari+Z3I8dmgeDXAOcQFILc=
gmPTMfocHLUBZxn0izVAjrJ0f+5GM9dp6VLm57xSSWU=,82VCgbummqy1um7WsI7jxrrsKbK5BofIGd89LsDpoDE=
pPTVQAwVBnMLwDy/xptFw7dWr+PJyoun18gcKjX6TTE=,KcsJ3GyquHLzMaIExgXO1m1R7TiH78dT/CjgbkaUh78=
rqRdr3C3A4SLmDtCMQtIVL9qAOK9Z5iO5isnHtfDTug=,pHkdvLC7m9fpHnCpnvLy4dZ17Z6P74C8gsqmc3TfegU=
pMmUwecZmcu+GXVNPpNGkJlLdiI6tzzKSGAC4WyVS1Y=,BRq3pfd+OM8regYzpuRa94HZVAwWw9b+93lmCbiG1V0=
